INSERT INTO employees (id, full_name, department_id, job_id, salary_id, hire_date_id)
VALUES (1, 'Манукян Давид', 1, 1, 1, 1),
       (2, 'Николай Рихтер', 2, 2, 2, 2),
       (3, 'Кузьмин Кирилл', 3, 3, 3, 3),
       (4, 'Куликов Давид', 4, 4, 4, 4),
       (5, 'Соловьева Елизавета', 5, 5, 5, 5),
       (6, 'Колосов Артём', 6, 6, 6, 6),
       (7, 'Козлова Виктория', 7, 7, 7, 7),
       (8, 'Лазарев Егор', 8, 8, 8, 8),
       (9, 'Кузнецов Захар', 9, 9, 9, 9),
       (10, 'Романов Артём', 10, 10, 10, 10);


INSERT INTO departments (id, department, employee_id)
VALUES (1, 'Снабжение', 1),
       (2, 'Разработка', 2),
       (3, 'Снабжение', 3),
       (4, 'Логистика', 4),
       (5, 'Разработка', 5),
       (6, 'Бухгалтерия', 6),
       (7, 'Снабжение', 7),
       (8, 'Бухгалтерия', 8),
       (9, 'Разработка', 9),
       (10, 'Логистика', 10);

INSERT INTO jobs (id, job_name, employee_id)
VALUES (1, 'Менеджер', 1),
       (2, 'Дизайнер', 2),
       (3, 'Водитель', 3),
       (4, 'Менеджер', 4),
       (5, 'Дизайнер', 5),
       (6, 'Менеджер', 6),
       (7, 'Водитель', 7),
       (8, 'Менеджер', 8),
       (9, 'Разработчик', 9),
       (10, 'Логист', 10);

INSERT INTO salary (id, salary, employee_id)
VALUES (1, 88000, 1),
       (2, 102300, 2),
       (3, 77000, 3),
       (4, 111000, 4),
       (5, 99000, 5),
       (6, 87000, 6),
       (7, 67000, 7),
       (8, 96000, 8),
       (9, 120000, 9),
       (10, 107000, 10);

INSERT INTO hire_date(id, hire_date, employee_id)
VALUES (1, '2022-02-03', 1),
       (2, '2022-03-05', 2),
       (3, '2021-04-13', 3),
       (4, '2020-12-11', 4),
       (5, '2021-01-05', 5),
       (6, '2020-07-14', 6),
       (7, '2023-11-22', 7),
       (8, '2020-11-27', 8),
       (9, '2021-09-21', 9),
       (10, '2020-01-05', 10);

